{
  "ID": "a2ee0952-26b5-49ae-8bf9-4f1d6279b798",
  "Version": "3.10.0.0",
  "Name": "MainScene",
  "Content": {
    "Content": {
      "Animation": {
        "Duration": 0,
        "Speed": 1.0,
        "Timelines": [],
        "ctype": "TimelineActionData"
      },
      "AnimationList": [],
      "ObjectData": {
        "Children": [
          {
            "FileData": {
              "Type": "Normal",
              "Path": "hall/hallbg.png",
              "Plist": ""
            },
            "BlendFunc": {
              "Src": 1,
              "Dst": 771
            },
            "AnchorPoint": {
              "ScaleX": 0.5,
              "ScaleY": 0.5
            },
            "Position": {
              "X": 400.6238,
              "Y": 640.4037
            },
            "Scale": {
              "ScaleX": 1.0,
              "ScaleY": 1.0
            },
            "CColor": {},
            "IconVisible": false,
            "PrePosition": {
              "X": 0.5008,
              "Y": 0.5003
            },
            "PreSize": {
              "X": 1.0,
              "Y": 1.0
            },
            "LeftMargin": 0.6238,
            "RightMargin": -0.6238,
            "TopMargin": -0.4038,
            "BottomMargin": 0.4037,
            "Tag": 5,
            "Children": [
              {
                "FileData": {
                  "Type": "PlistSubImage",
                  "Path": "touxiang.png",
                  "Plist": "hall/hall.plist"
                },
                "BlendFunc": {
                  "Src": 1,
                  "Dst": 771
                },
                "AnchorPoint": {
                  "ScaleX": 0.5,
                  "ScaleY": 0.5
                },
                "Position": {
                  "X": 91.6572,
                  "Y": 1215.1858
                },
                "Scale": {
                  "ScaleX": 1.0,
                  "ScaleY": 1.0
                },
                "CColor": {},
                "IconVisible": false,
                "PrePosition": {
                  "X": 0.1146,
                  "Y": 0.9494
                },
                "PreSize": {
                  "X": 0.1225,
                  "Y": 0.0766
                },
                "LeftMargin": 42.6572,
                "RightMargin": 659.3428,
                "TopMargin": 15.8142,
                "BottomMargin": 1166.1858,
                "Tag": 22,
                "ActionTag": -2041721530,
                "Size": {
                  "X": 98.0,
                  "Y": 98.0
                },
                "Name": "Sprite_2",
                "ctype": "SpriteObjectData"
              },
              {
                "AnchorPoint": {},
                "Position": {
                  "X": 84.5339,
                  "Y": 1221.0551
                },
                "Scale": {
                  "ScaleX": 1.0,
                  "ScaleY": 1.0
                },
                "CColor": {},
                "IconVisible": true,
                "PrePosition": {
                  "X": 0.1057,
                  "Y": 0.9539
                },
                "PreSize": {
                  "X": 0.0,
                  "Y": 0.0
                },
                "LeftMargin": 84.5339,
                "RightMargin": 715.4661,
                "TopMargin": 58.9449,
                "BottomMargin": 1221.0551,
                "Tag": 96,
                "ActionTag": 1605478688,
                "Size": {
                  "X": 0.0,
                  "Y": 0.0
                },
                "Name": "headNode",
                "ctype": "SingleNodeObjectData"
              },
              {
                "FileData": {
                  "Type": "PlistSubImage",
                  "Path": "headframe.png",
                  "Plist": "hall/hall.plist"
                },
                "BlendFunc": {
                  "Src": 1,
                  "Dst": 771
                },
                "AnchorPoint": {
                  "ScaleX": 0.5038,
                  "ScaleY": 0.4778
                },
                "Position": {
                  "X": 89.4665,
                  "Y": 1218.649
                },
                "Scale": {
                  "ScaleX": 1.0,
                  "ScaleY": 1.0
                },
                "CColor": {},
                "IconVisible": false,
                "PrePosition": {
                  "X": 0.1118,
                  "Y": 0.9521
                },
                "PreSize": {
                  "X": 0.1312,
                  "Y": 0.0805
                },
                "LeftMargin": 36.5675,
                "RightMargin": 658.4325,
                "TopMargin": 7.5643,
                "BottomMargin": 1169.4357,
                "Tag": 5,
                "Children": [
                  {
                    "IsCustomSize": true,
                    "FontSize": 20,
                    "LabelText": "4646456",
                    "OutlineColor": {
                      "G": 0,
                      "B": 0
                    },
                    "ShadowColor": {
                      "R": 110,
                      "G": 110,
                      "B": 110
                    },
                    "ShadowOffsetX": 2.0,
                    "ShadowOffsetY": -2.0,
                    "AnchorPoint": {},
                    "Position": {
                      "X": 113.5647,
                      "Y": 60.9528
                    },
                    "Scale": {
                      "ScaleX": 1.0,
                      "ScaleY": 1.0
                    },
                    "CColor": {},
                    "IconVisible": false,
                    "PrePosition": {
                      "X": 1.0816,
                      "Y": 0.5918
                    },
                    "PreSize": {
                      "X": 0.8571,
                      "Y": 0.1942
                    },
                    "LeftMargin": 113.5647,
                    "RightMargin": -98.5647,
                    "TopMargin": 22.0472,
                    "BottomMargin": 60.9528,
                    "Tag": 97,
                    "ActionTag": -454264040,
                    "Size": {
                      "X": 90.0,
                      "Y": 20.0
                    },
                    "Name": "txtName",
                    "ctype": "TextObjectData"
                  },
                  {
                    "CharWidth": 13,
                    "CharHeight": 20,
                    "LabelText": "./0123456789",
                    "StartChar": ".",
                    "LabelAtlasFileImage_CNB": {
                      "Type": "Normal",
                      "Path": "hall/hallNum/jinbishuzi.png",
                      "Plist": ""
                    },
                    "AnchorPoint": {},
                    "Position": {
                      "X": 110.5811,
                      "Y": 19.5935
                    },
                    "Scale": {
                      "ScaleX": 1.0,
                      "ScaleY": 1.0
                    },
                    "CColor": {},
                    "IconVisible": false,
                    "PrePosition": {
                      "X": 1.0532,
                      "Y": 0.1902
                    },
                    "PreSize": {
                      "X": 1.4857,
                      "Y": 0.1942
                    },
                    "LeftMargin": 110.5811,
                    "RightMargin": -161.5811,
                    "TopMargin": 63.4065,
                    "BottomMargin": 19.5935,
                    "Tag": 98,
                    "ActionTag": -2047284189,
                    "Size": {
                      "X": 156.0,
                      "Y": 20.0
                    },
                    "Name": "txtMoney",
                    "ctype": "TextAtlasObjectData"
                  },
                  {
                    "FontSize": 23,
                    "LabelText": "0",
                    "OutlineColor": {
                      "G": 0,
                      "B": 0
                    },
                    "ShadowColor": {
                      "R": 110,
                      "G": 110,
                      "B": 110
                    },
                    "ShadowOffsetX": 2.0,
                    "ShadowOffsetY": -2.0,
                    "AnchorPoint": {},
                    "Position": {
                      "X": -134.9672,
                      "Y": 109.3577
                    },
                    "Scale": {
                      "ScaleX": 1.0,
                      "ScaleY": 1.0
                    },
                    "CColor": {
                      "B": 0
                    },
                    "IconVisible": false,
                    "PrePosition": {
                      "X": -1.2854,
                      "Y": 1.0617
                    },
                    "PreSize": {
                      "X": 0.1143,
                      "Y": 0.2233
                    },
                    "LeftMargin": -134.9672,
                    "RightMargin": 227.9672,
                    "TopMargin": -29.3577,
                    "BottomMargin": 109.3577,
                    "Tag": 58,
                    "ActionTag": 1186934844,
                    "Size": {
                      "X": 12.0,
                      "Y": 23.0
                    },
                    "Name": "txtMoney2",
                    "ctype": "TextObjectData"
                  }
                ],
                "ActionTag": -1079243944,
                "Size": {
                  "X": 105.0,
                  "Y": 103.0
                },
                "Name": "headframe_1",
                "ctype": "SpriteObjectData"
              },
              {
                "FileData": {
                  "Type": "PlistSubImage",
                  "Path": "room0bg.png",
                  "Plist": "hall/hall.plist"
                },
                "BlendFunc": {
                  "Src": 1,
                  "Dst": 771
                },
                "AnchorPoint": {
                  "ScaleX": 0.5,
                  "ScaleY": 0.5
                },
                "Position": {
                  "X": 206.2483,
                  "Y": 908.7049
                },
                "Scale": {
                  "ScaleX": 1.0,
                  "ScaleY": 1.0
                },
                "CColor": {},
                "IconVisible": false,
                "PrePosition": {
                  "X": 0.2578,
                  "Y": 0.7099
                },
                "PreSize": {
                  "X": 0.2937,
                  "Y": 0.1953
                },
                "LeftMargin": 88.7483,
                "RightMargin": 476.2517,
                "TopMargin": 246.2952,
                "BottomMargin": 783.7049,
                "Tag": 6,
                "Children": [
                  {
                    "FileData": {
                      "Type": "PlistSubImage",
                      "Path": "room0icon.png",
                      "Plist": "hall/hall.plist"
                    },
                    "BlendFunc": {
                      "Src": 1,
                      "Dst": 771
                    },
                    "AnchorPoint": {
                      "ScaleX": 0.5,
                      "ScaleY": 0.5
                    },
                    "Position": {
                      "X": 124.7784,
                      "Y": 125.1903
                    },
                    "Scale": {
                      "ScaleX": 1.0,
                      "ScaleY": 1.0
                    },
                    "CColor": {},
                    "IconVisible": false,
                    "PrePosition": {
                      "X": 0.531,
                      "Y": 0.5008
                    },
                    "PreSize": {
                      "X": 0.7362,
                      "Y": 0.752
                    },
                    "LeftMargin": 38.2784,
                    "RightMargin": 23.7216,
                    "TopMargin": 30.8097,
                    "BottomMargin": 31.1903,
                    "Tag": 7,
                    "ActionTag": -606804833,
                    "Size": {
                      "X": 173.0,
                      "Y": 188.0
                    },
                    "Name": "room0icon_3",
                    "ctype": "SpriteObjectData"
                  },
                  {
                    "FileData": {
                      "Type": "PlistSubImage",
                      "Path": "room0table.png",
                      "Plist": "hall/hall.plist"
                    },
                    "BlendFunc": {
                      "Src": 1,
                      "Dst": 771
                    },
                    "AnchorPoint": {
                      "ScaleX": 0.5,
                      "ScaleY": 0.5
                    },
                    "Position": {
                      "X": 120.4213,
                      "Y": 33.5244
                    },
                    "Scale": {
                      "ScaleX": 1.0,
                      "ScaleY": 1.0
                    },
                    "CColor": {},
                    "IconVisible": false,
                    "PrePosition": {
                      "X": 0.5124,
                      "Y": 0.1341
                    },
                    "PreSize": {
                      "X": 1.0128,
                      "Y": 0.288
                    },
                    "LeftMargin": 1.4213,
                    "RightMargin": -4.4213,
                    "TopMargin": 180.4756,
                    "BottomMargin": -2.4756,
                    "Tag": 10,
                    "ActionTag": 1530336736,
                    "Size": {
                      "X": 238.0,
                      "Y": 72.0
                    },
                    "Name": "table",
                    "ctype": "SpriteObjectData"
                  },
                  {
                    "FileData": {
                      "Type": "PlistSubImage",
                      "Path": "frame.png",
                      "Plist": "hall/hall.plist"
                    },
                    "Scale9OriginX": 99,
                    "Scale9OriginY": 102,
                    "Scale9Width": 52,
                    "Scale9Height": 106,
                    "TouchEnable": true,
                    "AnchorPoint": {
                      "ScaleX": 0.5,
                      "ScaleY": 0.5
                    },
                    "Position": {
                      "X": 120.4154,
                      "Y": 118.1633
                    },
                    "Scale": {
                      "ScaleX": 1.0,
                      "ScaleY": 1.0
                    },
                    "CColor": {},
                    "IconVisible": false,
                    "PrePosition": {
                      "X": 0.5124,
                      "Y": 0.4727
                    },
                    "PreSize": {
                      "X": 1.2766,
                      "Y": 1.24
                    },
                    "LeftMargin": -29.5846,
                    "RightMargin": -35.4154,
                    "TopMargin": -23.1633,
                    "BottomMargin": -36.8367,
                    "Tag": 41,
                    "Children": [
                      {
                        "FileData": {
                          "Type": "PlistSubImage",
                          "Path": "tip.png",
                          "Plist": "hall/hall.plist"
                        },
                        "BlendFunc": {
                          "Src": 1,
                          "Dst": 771
                        },
                        "AnchorPoint": {
                          "ScaleX": 0.5,
                          "ScaleY": 0.5
                        },
                        "Position": {
                          "X": 148.7538,
                          "Y": 94.4293
                        },
                        "Scale": {
                          "ScaleX": 1.0,
                          "ScaleY": 1.0
                        },
                        "CColor": {},
                        "IconVisible": false,
                        "PrePosition": {
                          "X": 0.4958,
                          "Y": 0.3046
                        },
                        "PreSize": {
                          "X": 0.54,
                          "Y": 0.1032
                        },
                        "LeftMargin": 67.7538,
                        "RightMargin": 70.2462,
                        "TopMargin": 199.5707,
                        "BottomMargin": 78.4293,
                        "Tag": 8,
                        "Children": [
                          {
                            "CharWidth": 10,
                            "CharHeight": 15,
                            "LabelText": "123456",
                            "StartChar": ".",
                            "LabelAtlasFileImage_CNB": {
                              "Type": "Normal",
                              "Path": "hall/hallNum/renshuxianshishuzi.png",
                              "Plist": ""
                            },
                            "AnchorPoint": {
                              "ScaleX": 1.0453,
                              "ScaleY": -0.1395
                            },
                            "Position": {
                              "X": 84.3302,
                              "Y": 4.7551
                            },
                            "Scale": {
                              "ScaleX": 1.0,
                              "ScaleY": 1.0
                            },
                            "CColor": {},
                            "IconVisible": false,
                            "PrePosition": {
                              "X": 0.5206,
                              "Y": 0.1486
                            },
                            "PreSize": {
                              "X": 0.3704,
                              "Y": 0.4688
                            },
                            "LeftMargin": 21.6122,
                            "RightMargin": 80.3878,
                            "TopMargin": 10.1524,
                            "BottomMargin": 6.8476,
                            "Tag": 18,
                            "ActionTag": -1504563057,
                            "Size": {
                              "X": 60.0,
                              "Y": 15.0
                            },
                            "Name": "persons",
                            "ctype": "TextAtlasObjectData"
                          }
                        ],
                        "ActionTag": 1722835566,
                        "Size": {
                          "X": 162.0,
                          "Y": 32.0
                        },
                        "Name": "tip_4",
                        "ctype": "SpriteObjectData"
                      },
                      {
                        "FileData": {
                          "Type": "PlistSubImage",
                          "Path": "level0.png",
                          "Plist": "hall/hall.plist"
                        },
                        "BlendFunc": {
                          "Src": 1,
                          "Dst": 771
                        },
                        "AnchorPoint": {
                          "ScaleX": 0.461,
                          "ScaleY": 0.4619
                        },
                        "Position": {
                          "X": 148.8288,
                          "Y": 283.347
                        },
                        "Scale": {
                          "ScaleX": 1.0,
                          "ScaleY": 1.0
                        },
                        "CColor": {},
                        "IconVisible": false,
                        "PrePosition": {
                          "X": 0.4961,
                          "Y": 0.914
                        },
                        "PreSize": {
                          "X": 0.3333,
                          "Y": 0.0968
                        },
                        "LeftMargin": 102.7288,
                        "RightMargin": 97.2712,
                        "TopMargin": 10.51,
                        "BottomMargin": 269.49,
                        "Tag": 11,
                        "ActionTag": 1676435194,
                        "Size": {
                          "X": 100.0,
                          "Y": 30.0
                        },
                        "Name": "title",
                        "ctype": "SpriteObjectData"
                      },
                      {
                        "CharWidth": 30,
                        "CharHeight": 40,
                        "LabelText": "200",
                        "StartChar": ".",
                        "LabelAtlasFileImage_CNB": {
                          "Type": "Normal",
                          "Path": "hall/hallNum/di.png",
                          "Plist": ""
                        },
                        "AnchorPoint": {
                          "ScaleX": 0.5,
                          "ScaleY": 0.5
                        },
                        "Position": {
                          "X": 123.3249,
                          "Y": 44.2589
                        },
                        "Scale": {
                          "ScaleX": 1.0,
                          "ScaleY": 1.0
                        },
                        "CColor": {},
                        "IconVisible": false,
                        "PrePosition": {
                          "X": 0.4111,
                          "Y": 0.1428
                        },
                        "PreSize": {
                          "X": 0.3,
                          "Y": 0.129
                        },
                        "LeftMargin": 78.3249,
                        "RightMargin": 131.6751,
                        "TopMargin": 245.7411,
                        "BottomMargin": 24.2589,
                        "Tag": 46,
                        "ActionTag": 528518408,
                        "Size": {
                          "X": 90.0,
                          "Y": 40.0
                        },
                        "Name": "baseScore",
                        "ctype": "TextAtlasObjectData"
                      },
                      {
                        "FileData": {
                          "Type": "PlistSubImage",
                          "Path": "di2.png",
                          "Plist": "hall/hall.plist"
                        },
                        "BlendFunc": {
                          "Src": 1,
                          "Dst": 771
                        },
                        "AnchorPoint": {
                          "ScaleX": 0.5,
                          "ScaleY": 0.5
                        },
                        "Position": {
                          "X": 200.6321,
                          "Y": 45.424
                        },
                        "Scale": {
                          "ScaleX": 1.0,
                          "ScaleY": 1.0
                        },
                        "CColor": {},
                        "IconVisible": false,
                        "PrePosition": {
                          "X": 0.6688,
                          "Y": 0.1465
                        },
                        "PreSize": {
                          "X": 0.11,
                          "Y": 0.0839
                        },
                        "LeftMargin": 184.1321,
                        "RightMargin": 82.8679,
                        "TopMargin": 251.576,
                        "BottomMargin": 32.424,
                        "Tag": 47,
                        "ActionTag": -323390744,
                        "Size": {
                          "X": 33.0,
                          "Y": 26.0
                        },
                        "Name": "Sprite_1",
                        "ctype": "SpriteObjectData"
                      }
                    ],
                    "ActionTag": -2087383734,
                    "Size": {
                      "X": 300.0,
                      "Y": 310.0
                    },
                    "Name": "frame",
                    "ctype": "ImageViewObjectData"
                  }
                ],
                "ActionTag": 1739221076,
                "Size": {
                  "X": 235.0,
                  "Y": 250.0
                },
                "Name": "room0",
                "ctype": "SpriteObjectData"
              },
              {
                "FileData": {
                  "Type": "PlistSubImage",
                  "Path": "room1bg.png",
                  "Plist": "hall/hall.plist"
                },
                "BlendFunc": {
                  "Src": 1,
                  "Dst": 771
                },
                "AnchorPoint": {
                  "ScaleX": 0.5,
                  "ScaleY": 0.5
                },
                "Position": {
                  "X": 567.928,
                  "Y": 897.6946
                },
                "Scale": {
                  "ScaleX": 1.0,
                  "ScaleY": 1.0
                },
                "CColor": {},
                "IconVisible": false,
                "PrePosition": {
                  "X": 0.7099,
                  "Y": 0.7013
                },
                "PreSize": {
                  "X": 0.2975,
                  "Y": 0.2
                },
                "LeftMargin": 448.928,
                "RightMargin": 113.072,
                "TopMargin": 254.3054,
                "BottomMargin": 769.6946,
                "Tag": 23,
                "Children": [
                  {
                    "FileData": {
                      "Type": "PlistSubImage",
                      "Path": "room1icon.png",
                      "Plist": "hall/hall.plist"
                    },
                    "BlendFunc": {
                      "Src": 1,
                      "Dst": 771
                    },
                    "AnchorPoint": {
                      "ScaleX": 0.5,
                      "ScaleY": 0.5
                    },
                    "Position": {
                      "X": 97.2665,
                      "Y": 140.4501
                    },
                    "Scale": {
                      "ScaleX": 1.0,
                      "ScaleY": 1.0
                    },
                    "CColor": {},
                    "IconVisible": false,
                    "PrePosition": {
                      "X": 0.4087,
                      "Y": 0.5486
                    },
                    "PreSize": {
                      "X": 0.6849,
                      "Y": 0.7695
                    },
                    "LeftMargin": 15.7665,
                    "RightMargin": 59.2335,
                    "TopMargin": 17.0499,
                    "BottomMargin": 41.9501,
                    "Tag": 24,
                    "ActionTag": 854339428,
                    "Size": {
                      "X": 163.0,
                      "Y": 197.0
                    },
                    "Name": "room0icon_3",
                    "ctype": "SpriteObjectData"
                  },
                  {
                    "FileData": {
                      "Type": "PlistSubImage",
                      "Path": "room1table.png",
                      "Plist": "hall/hall.plist"
                    },
                    "BlendFunc": {
                      "Src": 1,
                      "Dst": 771
                    },
                    "AnchorPoint": {
                      "ScaleX": 0.5,
                      "ScaleY": 0.5
                    },
                    "Position": {
                      "X": 118.0831,
                      "Y": 63.2294
                    },
                    "Scale": {
                      "ScaleX": 1.0,
                      "ScaleY": 1.0
                    },
                    "CColor": {},
                    "IconVisible": false,
                    "PrePosition": {
                      "X": 0.4961,
                      "Y": 0.247
                    },
                    "PreSize": {
                      "X": 1.0,
                      "Y": 0.2734
                    },
                    "LeftMargin": -0.9169,
                    "RightMargin": 0.9169,
                    "TopMargin": 157.7706,
                    "BottomMargin": 28.2294,
                    "Tag": 25,
                    "ActionTag": -780649152,
                    "Size": {
                      "X": 238.0,
                      "Y": 70.0
                    },
                    "Name": "table",
                    "ctype": "SpriteObjectData"
                  },
                  {
                    "FileData": {
                      "Type": "PlistSubImage",
                      "Path": "frame.png",
                      "Plist": "hall/hall.plist"
                    },
                    "Scale9OriginX": 99,
                    "Scale9OriginY": 102,
                    "Scale9Width": 52,
                    "Scale9Height": 106,
                    "TouchEnable": true,
                    "AnchorPoint": {
                      "ScaleX": 0.5,
                      "ScaleY": 0.5
                    },
                    "Position": {
                      "X": 113.2986,
                      "Y": 134.0392
                    },
                    "Scale": {
                      "ScaleX": 1.0,
                      "ScaleY": 1.0
                    },
                    "CColor": {},
                    "IconVisible": false,
                    "PrePosition": {
                      "X": 0.476,
                      "Y": 0.5236
                    },
                    "PreSize": {
                      "X": 1.2605,
                      "Y": 1.2109
                    },
                    "LeftMargin": -36.7014,
                    "RightMargin": -25.2986,
                    "TopMargin": -33.0392,
                    "BottomMargin": -20.9608,
                    "Tag": 45,
                    "Children": [
                      {
                        "FileData": {
                          "Type": "PlistSubImage",
                          "Path": "tip.png",
                          "Plist": "hall/hall.plist"
                        },
                        "BlendFunc": {
                          "Src": 1,
                          "Dst": 771
                        },
                        "AnchorPoint": {
                          "ScaleX": 0.5,
                          "ScaleY": 0.5
                        },
                        "Position": {
                          "X": 148.0356,
                          "Y": 92.1423
                        },
                        "Scale": {
                          "ScaleX": 1.0,
                          "ScaleY": 1.0
                        },
                        "CColor": {},
                        "IconVisible": false,
                        "PrePosition": {
                          "X": 0.4935,
                          "Y": 0.2972
                        },
                        "PreSize": {
                          "X": 0.54,
                          "Y": 0.1032
                        },
                        "LeftMargin": 67.0356,
                        "RightMargin": 70.9644,
                        "TopMargin": 201.8577,
                        "BottomMargin": 76.1423,
                        "Tag": 27,
                        "Children": [
                          {
                            "CharWidth": 10,
                            "CharHeight": 15,
                            "LabelText": "123",
                            "StartChar": ".",
                            "LabelAtlasFileImage_CNB": {
                              "Type": "Normal",
                              "Path": "hall/hallNum/renshuxianshishuzi.png",
                              "Plist": ""
                            },
                            "AnchorPoint": {
                              "ScaleX": 1.0
                            },
                            "Position": {
                              "X": 81.9859,
                              "Y": 7.2047
                            },
                            "Scale": {
                              "ScaleX": 1.0,
                              "ScaleY": 1.0
                            },
                            "CColor": {},
                            "IconVisible": false,
                            "PrePosition": {
                              "X": 0.5061,
                              "Y": 0.2251
                            },
                            "PreSize": {
                              "X": 0.1852,
                              "Y": 0.4688
                            },
                            "LeftMargin": 51.9859,
                            "RightMargin": 80.0141,
                            "TopMargin": 9.7953,
                            "BottomMargin": 7.2047,
                            "Tag": 28,
                            "ActionTag": 1431664818,
                            "Size": {
                              "X": 30.0,
                              "Y": 15.0
                            },
                            "Name": "persons",
                            "ctype": "TextAtlasObjectData"
                          }
                        ],
                        "ActionTag": 1298080528,
                        "Size": {
                          "X": 162.0,
                          "Y": 32.0
                        },
                        "Name": "tip_4",
                        "ctype": "SpriteObjectData"
                      },
                      {
                        "FileData": {
                          "Type": "PlistSubImage",
                          "Path": "level1.png",
                          "Plist": "hall/hall.plist"
                        },
                        "BlendFunc": {
                          "Src": 1,
                          "Dst": 771
                        },
                        "AnchorPoint": {
                          "ScaleX": 0.461,
                          "ScaleY": 0.4619
                        },
                        "Position": {
                          "X": 147.6407,
                          "Y": 282.1829
                        },
                        "Scale": {
                          "ScaleX": 1.0,
                          "ScaleY": 1.0
                        },
                        "CColor": {},
                        "IconVisible": false,
                        "PrePosition": {
                          "X": 0.4921,
                          "Y": 0.9103
                        },
                        "PreSize": {
                          "X": 0.3333,
                          "Y": 0.0968
                        },
                        "LeftMargin": 101.5407,
                        "RightMargin": 98.4593,
                        "TopMargin": 11.6741,
                        "BottomMargin": 268.3259,
                        "Tag": 29,
                        "ActionTag": 780664092,
                        "Size": {
                          "X": 100.0,
                          "Y": 30.0
                        },
                        "Name": "title",
                        "ctype": "SpriteObjectData"
                      },
                      {
                        "FileData": {
                          "Type": "PlistSubImage",
                          "Path": "di2.png",
                          "Plist": "hall/hall.plist"
                        },
                        "BlendFunc": {
                          "Src": 1,
                          "Dst": 771
                        },
                        "AnchorPoint": {
                          "ScaleX": 0.5,
                          "ScaleY": 0.5
                        },
                        "Position": {
                          "X": 201.8253,
                          "Y": 46.589
                        },
                        "Scale": {
                          "ScaleX": 1.0,
                          "ScaleY": 1.0
                        },
                        "CColor": {},
                        "IconVisible": false,
                        "PrePosition": {
                          "X": 0.6728,
                          "Y": 0.1503
                        },
                        "PreSize": {
                          "X": 0.11,
                          "Y": 0.0839
                        },
                        "LeftMargin": 185.3253,
                        "RightMargin": 81.6747,
                        "TopMargin": 250.411,
                        "BottomMargin": 33.589,
                        "Tag": 48,
                        "ActionTag": 324848018,
                        "Size": {
                          "X": 33.0,
                          "Y": 26.0
                        },
                        "Name": "Sprite_3",
                        "ctype": "SpriteObjectData"
                      }
                    ],
                    "ActionTag": 885974435,
                    "Size": {
                      "X": 300.0,
                      "Y": 310.0
                    },
                    "Name": "frame",
                    "ctype": "ImageViewObjectData"
                  },
                  {
                    "CharWidth": 30,
                    "CharHeight": 40,
                    "LabelText": "500",
                    "StartChar": ".",
                    "LabelAtlasFileImage_CNB": {
                      "Type": "Normal",
                      "Path": "hall/hallNum/di.png",
                      "Plist": ""
                    },
                    "AnchorPoint": {
                      "ScaleX": 0.5,
                      "ScaleY": 0.5
                    },
                    "Position": {
                      "X": 94.889,
                      "Y": 24.5477
                    },
                    "Scale": {
                      "ScaleX": 1.0,
                      "ScaleY": 1.0
                    },
                    "CColor": {},
                    "IconVisible": false,
                    "PrePosition": {
                      "X": 0.3987,
                      "Y": 0.0959
                    },
                    "PreSize": {
                      "X": 0.3782,
                      "Y": 0.1563
                    },
                    "LeftMargin": 49.889,
                    "RightMargin": 98.111,
                    "TopMargin": 211.4523,
                    "BottomMargin": 4.5477,
                    "Tag": 53,
                    "ActionTag": -1776563469,
                    "Size": {
                      "X": 90.0,
                      "Y": 40.0
                    },
                    "Name": "baseScore_0",
                    "ctype": "TextAtlasObjectData"
                  }
                ],
                "ActionTag": -1644700979,
                "Size": {
                  "X": 238.0,
                  "Y": 256.0
                },
                "Name": "room1",
                "ctype": "SpriteObjectData"
              },
              {
                "FileData": {
                  "Type": "PlistSubImage",
                  "Path": "room2bg.png",
                  "Plist": "hall/hall.plist"
                },
                "BlendFunc": {
                  "Src": 1,
                  "Dst": 771
                },
                "AnchorPoint": {
                  "ScaleX": 0.5,
                  "ScaleY": 0.5
                },
                "Position": {
                  "X": 213.4307,
                  "Y": 510.0328
                },
                "Scale": {
                  "ScaleX": 1.0,
                  "ScaleY": 1.0
                },
                "CColor": {},
                "IconVisible": false,
                "PrePosition": {
                  "X": 0.2668,
                  "Y": 0.3985
                },
                "PreSize": {
                  "X": 0.2975,
                  "Y": 0.207
                },
                "LeftMargin": 94.4307,
                "RightMargin": 467.5693,
                "TopMargin": 637.4672,
                "BottomMargin": 377.5328,
                "Tag": 26,
                "Children": [
                  {
                    "FileData": {
                      "Type": "PlistSubImage",
                      "Path": "room2icon.png",
                      "Plist": "hall/hall.plist"
                    },
                    "BlendFunc": {
                      "Src": 1,
                      "Dst": 771
                    },
                    "AnchorPoint": {
                      "ScaleX": 0.5209,
                      "ScaleY": 0.487
                    },
                    "Position": {
                      "X": 120.1835,
                      "Y": 124.1009
                    },
                    "Scale": {
                      "ScaleX": 1.0,
                      "ScaleY": 1.0
                    },
                    "CColor": {},
                    "IconVisible": false,
                    "PrePosition": {
                      "X": 0.505,
                      "Y": 0.4683
                    },
                    "PreSize": {
                      "X": 0.5882,
                      "Y": 0.8075
                    },
                    "LeftMargin": 47.2575,
                    "RightMargin": 50.7425,
                    "TopMargin": 31.1171,
                    "BottomMargin": 19.8829,
                    "Tag": 27,
                    "ActionTag": 934356110,
                    "Size": {
                      "X": 140.0,
                      "Y": 214.0
                    },
                    "Name": "room0icon_3",
                    "ctype": "SpriteObjectData"
                  },
                  {
                    "FileData": {
                      "Type": "PlistSubImage",
                      "Path": "room2table.png",
                      "Plist": "hall/hall.plist"
                    },
                    "BlendFunc": {
                      "Src": 1,
                      "Dst": 771
                    },
                    "AnchorPoint": {
                      "ScaleX": 0.5,
                      "ScaleY": 0.5
                    },
                    "Position": {
                      "X": 116.6753,
                      "Y": 51.944
                    },
                    "Scale": {
                      "ScaleX": 1.0,
                      "ScaleY": 1.0
                    },
                    "CColor": {},
                    "IconVisible": false,
                    "PrePosition": {
                      "X": 0.4902,
                      "Y": 0.196
                    },
                    "PreSize": {
                      "X": 1.0,
                      "Y": 0.2717
                    },
                    "LeftMargin": -2.3247,
                    "RightMargin": 2.3247,
                    "TopMargin": 177.056,
                    "BottomMargin": 15.944,
                    "Tag": 28,
                    "ActionTag": 538642097,
                    "Size": {
                      "X": 238.0,
                      "Y": 72.0
                    },
                    "Name": "table",
                    "ctype": "SpriteObjectData"
                  },
                  {
                    "FileData": {
                      "Type": "PlistSubImage",
                      "Path": "frame.png",
                      "Plist": "hall/hall.plist"
                    },
                    "Scale9OriginX": 99,
                    "Scale9OriginY": 102,
                    "Scale9Width": 52,
                    "Scale9Height": 106,
                    "TouchEnable": true,
                    "AnchorPoint": {
                      "ScaleX": 0.5,
                      "ScaleY": 0.5
                    },
                    "Position": {
                      "X": 113.2967,
                      "Y": 134.0465
                    },
                    "Scale": {
                      "ScaleX": 1.0,
                      "ScaleY": 1.0
                    },
                    "CColor": {},
                    "IconVisible": false,
                    "PrePosition": {
                      "X": 0.476,
                      "Y": 0.5058
                    },
                    "PreSize": {
                      "X": 1.2605,
                      "Y": 1.1698
                    },
                    "LeftMargin": -36.7033,
                    "RightMargin": -25.2967,
                    "TopMargin": -24.0465,
                    "BottomMargin": -20.9535,
                    "Tag": 43,
                    "Children": [
                      {
                        "FileData": {
                          "Type": "PlistSubImage",
                          "Path": "tip.png",
                          "Plist": "hall/hall.plist"
                        },
                        "BlendFunc": {
                          "Src": 1,
                          "Dst": 771
                        },
                        "AnchorPoint": {
                          "ScaleX": 0.5,
                          "ScaleY": 0.5
                        },
                        "Position": {
                          "X": 153.9822,
                          "Y": 89.2007
                        },
                        "Scale": {
                          "ScaleX": 1.0,
                          "ScaleY": 1.0
                        },
                        "CColor": {},
                        "IconVisible": false,
                        "PrePosition": {
                          "X": 0.5133,
                          "Y": 0.2877
                        },
                        "PreSize": {
                          "X": 0.54,
                          "Y": 0.1032
                        },
                        "LeftMargin": 72.9822,
                        "RightMargin": 65.0178,
                        "TopMargin": 204.7993,
                        "BottomMargin": 73.2007,
                        "Tag": 30,
                        "Children": [
                          {
                            "CharWidth": 10,
                            "CharHeight": 15,
                            "LabelText": "123",
                            "StartChar": ".",
                            "LabelAtlasFileImage_CNB": {
                              "Type": "Normal",
                              "Path": "hall/hallNum/renshuxianshishuzi.png",
                              "Plist": ""
                            },
                            "AnchorPoint": {
                              "ScaleX": 1.0
                            },
                            "Position": {
                              "X": 80.7896,
                              "Y": 7.5219
                            },
                            "Scale": {
                              "ScaleX": 1.0,
                              "ScaleY": 1.0
                            },
                            "CColor": {},
                            "IconVisible": false,
                            "PrePosition": {
                              "X": 0.4987,
                              "Y": 0.2351
                            },
                            "PreSize": {
                              "X": 0.1852,
                              "Y": 0.4688
                            },
                            "LeftMargin": 50.7896,
                            "RightMargin": 81.2104,
                            "TopMargin": 9.4781,
                            "BottomMargin": 7.5219,
                            "Tag": 31,
                            "ActionTag": 825080358,
                            "Size": {
                              "X": 30.0,
                              "Y": 15.0
                            },
                            "Name": "AtlasLabel_1",
                            "ctype": "TextAtlasObjectData"
                          }
                        ],
                        "ActionTag": 348207268,
                        "Size": {
                          "X": 162.0,
                          "Y": 32.0
                        },
                        "Name": "tip_4",
                        "ctype": "SpriteObjectData"
                      },
                      {
                        "FileData": {
                          "Type": "PlistSubImage",
                          "Path": "level2.png",
                          "Plist": "hall/hall.plist"
                        },
                        "BlendFunc": {
                          "Src": 1,
                          "Dst": 771
                        },
                        "AnchorPoint": {
                          "ScaleX": 0.461,
                          "ScaleY": 0.4619
                        },
                        "Position": {
                          "X": 147.6407,
                          "Y": 282.1829
                        },
                        "Scale": {
                          "ScaleX": 1.0,
                          "ScaleY": 1.0
                        },
                        "CColor": {},
                        "IconVisible": false,
                        "PrePosition": {
                          "X": 0.4921,
                          "Y": 0.9103
                        },
                        "PreSize": {
                          "X": 0.3333,
                          "Y": 0.0968
                        },
                        "LeftMargin": 101.5407,
                        "RightMargin": 98.4593,
                        "TopMargin": 11.6741,
                        "BottomMargin": 268.3259,
                        "Tag": 32,
                        "ActionTag": 585727052,
                        "Size": {
                          "X": 100.0,
                          "Y": 30.0
                        },
                        "Name": "title",
                        "ctype": "SpriteObjectData"
                      },
                      {
                        "FileData": {
                          "Type": "PlistSubImage",
                          "Path": "di2.png",
                          "Plist": "hall/hall.plist"
                        },
                        "BlendFunc": {
                          "Src": 1,
                          "Dst": 771
                        },
                        "AnchorPoint": {
                          "ScaleX": 0.5,
                          "ScaleY": 0.5
                        },
                        "Position": {
                          "X": 212.6187,
                          "Y": 44.9311
                        },
                        "Scale": {
                          "ScaleX": 1.0,
                          "ScaleY": 1.0
                        },
                        "CColor": {},
                        "IconVisible": false,
                        "PrePosition": {
                          "X": 0.7087,
                          "Y": 0.1449
                        },
                        "PreSize": {
                          "X": 0.11,
                          "Y": 0.0839
                        },
                        "LeftMargin": 196.1187,
                        "RightMargin": 70.8813,
                        "TopMargin": 252.0689,
                        "BottomMargin": 31.9311,
                        "Tag": 49,
                        "ActionTag": 1026472611,
                        "Size": {
                          "X": 33.0,
                          "Y": 26.0
                        },
                        "Name": "Sprite_4",
                        "ctype": "SpriteObjectData"
                      }
                    ],
                    "ActionTag": 306396731,
                    "Size": {
                      "X": 300.0,
                      "Y": 310.0
                    },
                    "Name": "frame",
                    "ctype": "ImageViewObjectData"
                  },
                  {
                    "CharWidth": 30,
                    "CharHeight": 40,
                    "LabelText": "1000",
                    "StartChar": ".",
                    "LabelAtlasFileImage_CNB": {
                      "Type": "Normal",
                      "Path": "hall/hallNum/di.png",
                      "Plist": ""
                    },
                    "AnchorPoint": {
                      "ScaleX": 0.5,
                      "ScaleY": 0.5
                    },
                    "Position": {
                      "X": 94.8577,
                      "Y": 24.5859
                    },
                    "Scale": {
                      "ScaleX": 1.0,
                      "ScaleY": 1.0
                    },
                    "CColor": {},
                    "IconVisible": false,
                    "PrePosition": {
                      "X": 0.3986,
                      "Y": 0.0928
                    },
                    "PreSize": {
                      "X": 0.5042,
                      "Y": 0.1509
                    },
                    "LeftMargin": 34.8577,
                    "RightMargin": 83.1423,
                    "TopMargin": 220.4141,
                    "BottomMargin": 4.5859,
                    "Tag": 54,
                    "ActionTag": -1691906726,
                    "Size": {
                      "X": 120.0,
                      "Y": 40.0
                    },
                    "Name": "baseScore_0_0",
                    "ctype": "TextAtlasObjectData"
                  }
                ],
                "ActionTag": -1758704036,
                "Size": {
                  "X": 238.0,
                  "Y": 265.0
                },
                "Name": "room2",
                "ctype": "SpriteObjectData"
              },
              {
                "FileData": {
                  "Type": "PlistSubImage",
                  "Path": "room3bg.png",
                  "Plist": "hall/hall.plist"
                },
                "BlendFunc": {
                  "Src": 1,
                  "Dst": 771
                },
                "AnchorPoint": {
                  "ScaleX": 0.5,
                  "ScaleY": 0.5
                },
                "Position": {
                  "X": 559.9134,
                  "Y": 520.8842
                },
                "Scale": {
                  "ScaleX": 1.0,
                  "ScaleY": 1.0
                },
                "CColor": {},
                "IconVisible": false,
                "PrePosition": {
                  "X": 0.6999,
                  "Y": 0.4069
                },
                "PreSize": {
                  "X": 0.2962,
                  "Y": 0.2062
                },
                "LeftMargin": 441.4134,
                "RightMargin": 121.5866,
                "TopMargin": 627.1158,
                "BottomMargin": 388.8842,
                "Tag": 33,
                "Children": [
                  {
                    "FileData": {
                      "Type": "PlistSubImage",
                      "Path": "room3icon.png",
                      "Plist": "hall/hall.plist"
                    },
                    "BlendFunc": {
                      "Src": 1,
                      "Dst": 771
                    },
                    "AnchorPoint": {
                      "ScaleX": 0.5,
                      "ScaleY": 0.5
                    },
                    "Position": {
                      "X": 111.7068,
                      "Y": 119.885
                    },
                    "Scale": {
                      "ScaleX": 1.0,
                      "ScaleY": 1.0
                    },
                    "CColor": {},
                    "IconVisible": false,
                    "PrePosition": {
                      "X": 0.4713,
                      "Y": 0.4541
                    },
                    "PreSize": {
                      "X": 0.5781,
                      "Y": 0.8144
                    },
                    "LeftMargin": 43.2068,
                    "RightMargin": 56.7932,
                    "TopMargin": 36.615,
                    "BottomMargin": 12.385,
                    "Tag": 34,
                    "ActionTag": 303285944,
                    "Size": {
                      "X": 137.0,
                      "Y": 215.0
                    },
                    "Name": "room0icon_3",
                    "ctype": "SpriteObjectData"
                  },
                  {
                    "FileData": {
                      "Type": "PlistSubImage",
                      "Path": "room3table.png",
                      "Plist": "hall/hall.plist"
                    },
                    "BlendFunc": {
                      "Src": 1,
                      "Dst": 771
                    },
                    "AnchorPoint": {
                      "ScaleX": 0.5,
                      "ScaleY": 0.5
                    },
                    "Position": {
                      "X": 115.5206,
                      "Y": 43.2432
                    },
                    "Scale": {
                      "ScaleX": 1.0,
                      "ScaleY": 1.0
                    },
                    "CColor": {},
                    "IconVisible": false,
                    "PrePosition": {
                      "X": 0.4874,
                      "Y": 0.1638
                    },
                    "PreSize": {
                      "X": 1.0042,
                      "Y": 0.2803
                    },
                    "LeftMargin": -3.4794,
                    "RightMargin": 2.4794,
                    "TopMargin": 183.7568,
                    "BottomMargin": 6.2432,
                    "Tag": 35,
                    "ActionTag": -23935991,
                    "Size": {
                      "X": 238.0,
                      "Y": 74.0
                    },
                    "Name": "table",
                    "ctype": "SpriteObjectData"
                  },
                  {
                    "FileData": {
                      "Type": "PlistSubImage",
                      "Path": "frame.png",
                      "Plist": "hall/hall.plist"
                    },
                    "Scale9OriginX": 99,
                    "Scale9OriginY": 102,
                    "Scale9Width": 52,
                    "Scale9Height": 106,
                    "TouchEnable": true,
                    "AnchorPoint": {
                      "ScaleX": 0.5,
                      "ScaleY": 0.5
                    },
                    "Position": {
                      "X": 116.6295,
                      "Y": 125.8698
                    },
                    "Scale": {
                      "ScaleX": 1.0,
                      "ScaleY": 1.0
                    },
                    "CColor": {},
                    "IconVisible": false,
                    "PrePosition": {
                      "X": 0.4921,
                      "Y": 0.4768
                    },
                    "PreSize": {
                      "X": 1.2658,
                      "Y": 1.1742
                    },
                    "LeftMargin": -33.3705,
                    "RightMargin": -29.6295,
                    "TopMargin": -16.8698,
                    "BottomMargin": -29.1302,
                    "Tag": 44,
                    "Children": [
                      {
                        "FileData": {
                          "Type": "PlistSubImage",
                          "Path": "tip.png",
                          "Plist": "hall/hall.plist"
                        },
                        "BlendFunc": {
                          "Src": 1,
                          "Dst": 771
                        },
                        "AnchorPoint": {
                          "ScaleX": 0.5,
                          "ScaleY": 0.5
                        },
                        "Position": {
                          "X": 153.9822,
                          "Y": 89.2007
                        },
                        "Scale": {
                          "ScaleX": 1.0,
                          "ScaleY": 1.0
                        },
                        "CColor": {},
                        "IconVisible": false,
                        "PrePosition": {
                          "X": 0.5133,
                          "Y": 0.2877
                        },
                        "PreSize": {
                          "X": 0.54,
                          "Y": 0.1032
                        },
                        "LeftMargin": 72.9822,
                        "RightMargin": 65.0178,
                        "TopMargin": 204.7993,
                        "BottomMargin": 73.2007,
                        "Tag": 37,
                        "Children": [
                          {
                            "CharWidth": 10,
                            "CharHeight": 15,
                            "LabelText": "123",
                            "StartChar": ".",
                            "LabelAtlasFileImage_CNB": {
                              "Type": "Normal",
                              "Path": "hall/hallNum/renshuxianshishuzi.png",
                              "Plist": ""
                            },
                            "AnchorPoint": {
                              "ScaleX": 1.0
                            },
                            "Position": {
                              "X": 81.3676,
                              "Y": 7.8901
                            },
                            "Scale": {
                              "ScaleX": 1.0,
                              "ScaleY": 1.0
                            },
                            "CColor": {},
                            "IconVisible": false,
                            "PrePosition": {
                              "X": 0.5023,
                              "Y": 0.2466
                            },
                            "PreSize": {
                              "X": 0.1852,
                              "Y": 0.4688
                            },
                            "LeftMargin": 51.3676,
                            "RightMargin": 80.6324,
                            "TopMargin": 9.1099,
                            "BottomMargin": 7.8901,
                            "Tag": 38,
                            "ActionTag": 1639454905,
                            "Size": {
                              "X": 30.0,
                              "Y": 15.0
                            },
                            "Name": "AtlasLabel_1",
                            "ctype": "TextAtlasObjectData"
                          }
                        ],
                        "ActionTag": 1554027592,
                        "Size": {
                          "X": 162.0,
                          "Y": 32.0
                        },
                        "Name": "tip_4",
                        "ctype": "SpriteObjectData"
                      },
                      {
                        "FileData": {
                          "Type": "PlistSubImage",
                          "Path": "level3.png",
                          "Plist": "hall/hall.plist"
                        },
                        "BlendFunc": {
                          "Src": 1,
                          "Dst": 771
                        },
                        "AnchorPoint": {
                          "ScaleX": 0.461,
                          "ScaleY": 0.4619
                        },
                        "Position": {
                          "X": 147.6407,
                          "Y": 282.1829
                        },
                        "Scale": {
                          "ScaleX": 1.0,
                          "ScaleY": 1.0
                        },
                        "CColor": {},
                        "IconVisible": false,
                        "PrePosition": {
                          "X": 0.4921,
                          "Y": 0.9103
                        },
                        "PreSize": {
                          "X": 0.3333,
                          "Y": 0.0968
                        },
                        "LeftMargin": 101.5407,
                        "RightMargin": 98.4593,
                        "TopMargin": 11.6741,
                        "BottomMargin": 268.3259,
                        "Tag": 39,
                        "ActionTag": 1180257248,
                        "Size": {
                          "X": 100.0,
                          "Y": 30.0
                        },
                        "Name": "title",
                        "ctype": "SpriteObjectData"
                      },
                      {
                        "FileData": {
                          "Type": "PlistSubImage",
                          "Path": "di2.png",
                          "Plist": "hall/hall.plist"
                        },
                        "BlendFunc": {
                          "Src": 1,
                          "Dst": 771
                        },
                        "AnchorPoint": {
                          "ScaleX": 0.5,
                          "ScaleY": 0.5
                        },
                        "Position": {
                          "X": 219.5704,
                          "Y": 43.2365
                        },
                        "Scale": {
                          "ScaleX": 1.0,
                          "ScaleY": 1.0
                        },
                        "CColor": {},
                        "IconVisible": false,
                        "PrePosition": {
                          "X": 0.7319,
                          "Y": 0.1395
                        },
                        "PreSize": {
                          "X": 0.11,
                          "Y": 0.0839
                        },
                        "LeftMargin": 203.0704,
                        "RightMargin": 63.9296,
                        "TopMargin": 253.7635,
                        "BottomMargin": 30.2365,
                        "Tag": 50,
                        "ActionTag": -719837894,
                        "Size": {
                          "X": 33.0,
                          "Y": 26.0
                        },
                        "Name": "Sprite_5",
                        "ctype": "SpriteObjectData"
                      }
                    ],
                    "ActionTag": 456287724,
                    "Size": {
                      "X": 300.0,
                      "Y": 310.0
                    },
                    "Name": "frame",
                    "ctype": "ImageViewObjectData"
                  },
                  {
                    "CharWidth": 30,
                    "CharHeight": 40,
                    "LabelText": "2000",
                    "StartChar": ".",
                    "LabelAtlasFileImage_CNB": {
                      "Type": "Normal",
                      "Path": "hall/hallNum/di.png",
                      "Plist": ""
                    },
                    "AnchorPoint": {
                      "ScaleX": 0.5,
                      "ScaleY": 0.5
                    },
                    "Position": {
                      "X": 104.0786,
                      "Y": 15.5394
                    },
                    "Scale": {
                      "ScaleX": 1.0,
                      "ScaleY": 1.0
                    },
                    "CColor": {},
                    "IconVisible": false,
                    "PrePosition": {
                      "X": 0.4392,
                      "Y": 0.0589
                    },
                    "PreSize": {
                      "X": 0.5063,
                      "Y": 0.1515
                    },
                    "LeftMargin": 44.0786,
                    "RightMargin": 72.9214,
                    "TopMargin": 228.4606,
                    "BottomMargin": -4.4606,
                    "Tag": 55,
                    "ActionTag": 1470814539,
                    "Size": {
                      "X": 120.0,
                      "Y": 40.0
                    },
                    "Name": "baseScore_0_0_0",
                    "ctype": "TextAtlasObjectData"
                  }
                ],
                "ActionTag": -1482313576,
                "Size": {
                  "X": 237.0,
                  "Y": 264.0
                },
                "Name": "room3",
                "ctype": "SpriteObjectData"
              },
              {
                "FileData": {
                  "Type": "PlistSubImage",
                  "Path": "title.png",
                  "Plist": "hall/hall.plist"
                },
                "BlendFunc": {
                  "Src": 1,
                  "Dst": 771
                },
                "AnchorPoint": {
                  "ScaleX": 0.5,
                  "ScaleY": 0.5
                },
                "Position": {
                  "X": 409.5155,
                  "Y": 1205.92
                },
                "Scale": {
                  "ScaleX": 1.0,
                  "ScaleY": 1.0
                },
                "CColor": {},
                "IconVisible": false,
                "PrePosition": {
                  "X": 0.5119,
                  "Y": 0.9421
                },
                "PreSize": {
                  "X": 0.1675,
                  "Y": 0.025
                },
                "LeftMargin": 342.5155,
                "RightMargin": 323.4845,
                "TopMargin": 58.08,
                "BottomMargin": 1189.92,
                "Tag": 12,
                "ActionTag": 490930761,
                "Size": {
                  "X": 134.0,
                  "Y": 32.0
                },
                "Name": "title_8",
                "ctype": "SpriteObjectData"
              },
              {
                "FileData": {
                  "Type": "PlistSubImage",
                  "Path": "shop.png",
                  "Plist": "hall/hall.plist"
                },
                "BlendFunc": {
                  "Src": 1,
                  "Dst": 771
                },
                "AnchorPoint": {
                  "ScaleX": 0.5,
                  "ScaleY": 0.5
                },
                "Position": {
                  "X": 94.8715,
                  "Y": 51.4368
                },
                "Scale": {
                  "ScaleX": 1.0,
                  "ScaleY": 1.0
                },
                "CColor": {},
                "IconVisible": false,
                "PrePosition": {
                  "X": 0.1186,
                  "Y": 0.0402
                },
                "PreSize": {
                  "X": 0.1575,
                  "Y": 0.0617
                },
                "LeftMargin": 31.8715,
                "RightMargin": 642.1285,
                "TopMargin": 1189.0632,
                "BottomMargin": 11.9368,
                "Tag": 14,
                "ActionTag": -1896184952,
                "Size": {
                  "X": 126.0,
                  "Y": 79.0
                },
                "Name": "imgShop",
                "ctype": "SpriteObjectData"
              },
              {
                "FileData": {
                  "Type": "PlistSubImage",
                  "Path": "task.png",
                  "Plist": "hall/hall.plist"
                },
                "BlendFunc": {
                  "Src": 1,
                  "Dst": 771
                },
                "AnchorPoint": {
                  "ScaleX": 0.5,
                  "ScaleY": 0.5
                },
                "Position": {
                  "X": 283.6094,
                  "Y": 52.0353
                },
                "Scale": {
                  "ScaleX": 1.0,
                  "ScaleY": 1.0
                },
                "CColor": {},
                "IconVisible": false,
                "PrePosition": {
                  "X": 0.3545,
                  "Y": 0.0407
                },
                "PreSize": {
                  "X": 0.1525,
                  "Y": 0.0617
                },
                "LeftMargin": 222.6094,
                "RightMargin": 455.3906,
                "TopMargin": 1188.4647,
                "BottomMargin": 12.5353,
                "Tag": 15,
                "ActionTag": -1315166919,
                "Size": {
                  "X": 122.0,
                  "Y": 79.0
                },
                "Name": "imgTask",
                "ctype": "SpriteObjectData"
              },
              {
                "FileData": {
                  "Type": "PlistSubImage",
                  "Path": "rank.png",
                  "Plist": "hall/hall.plist"
                },
                "BlendFunc": {
                  "Src": 1,
                  "Dst": 771
                },
                "AnchorPoint": {
                  "ScaleX": 0.5,
                  "ScaleY": 0.5
                },
                "Position": {
                  "X": 482.1657,
                  "Y": 53.8303
                },
                "Scale": {
                  "ScaleX": 1.0,
                  "ScaleY": 1.0
                },
                "CColor": {},
                "IconVisible": false,
                "PrePosition": {
                  "X": 0.6027,
                  "Y": 0.0421
                },
                "PreSize": {
                  "X": 0.1625,
                  "Y": 0.0594
                },
                "LeftMargin": 417.1657,
                "RightMargin": 252.8343,
                "TopMargin": 1188.1697,
                "BottomMargin": 15.8303,
                "Tag": 16,
                "ActionTag": 1297043940,
                "Size": {
                  "X": 130.0,
                  "Y": 76.0
                },
                "Name": "imgRank",
                "ctype": "SpriteObjectData"
              },
              {
                "FileData": {
                  "Type": "PlistSubImage",
                  "Path": "action.png",
                  "Plist": "hall/hall.plist"
                },
                "BlendFunc": {
                  "Src": 1,
                  "Dst": 771
                },
                "AnchorPoint": {
                  "ScaleX": 0.4962,
                  "ScaleY": 0.4085
                },
                "Position": {
                  "X": 677.1425,
                  "Y": 50.7357
                },
                "Scale": {
                  "ScaleX": 1.0,
                  "ScaleY": 1.0
                },
                "CColor": {},
                "IconVisible": false,
                "PrePosition": {
                  "X": 0.8464,
                  "Y": 0.0396
                },
                "PreSize": {
                  "X": 0.1575,
                  "Y": 0.0633
                },
                "LeftMargin": 614.6213,
                "RightMargin": 59.3787,
                "TopMargin": 1181.3528,
                "BottomMargin": 17.6472,
                "Tag": 17,
                "ActionTag": -1045308229,
                "Size": {
                  "X": 126.0,
                  "Y": 81.0
                },
                "Name": "imgActive",
                "ctype": "SpriteObjectData"
              },
              {
                "FontSize": 14,
                "ButtonText": "",
                "TextColor": {
                  "R": 65,
                  "G": 65,
                  "B": 70
                },
                "DisabledFileData": {
                  "Type": "PlistSubImage",
                  "Path": "youjian.png",
                  "Plist": "hall/hall.plist"
                },
                "PressedFileData": {
                  "Type": "PlistSubImage",
                  "Path": "youjian.png",
                  "Plist": "hall/hall.plist"
                },
                "NormalFileData": {
                  "Type": "PlistSubImage",
                  "Path": "youjian.png",
                  "Plist": "hall/hall.plist"
                },
                "Scale9OriginX": 15,
                "Scale9OriginY": 11,
                "Scale9Width": 18,
                "Scale9Height": 16,
                "OutlineColor": {
                  "G": 0,
                  "B": 0
                },
                "ShadowColor": {
                  "R": 110,
                  "G": 110,
                  "B": 110
                },
                "ShadowOffsetX": 2.0,
                "ShadowOffsetY": -2.0,
                "TouchEnable": true,
                "AnchorPoint": {
                  "ScaleX": 0.5,
                  "ScaleY": 0.5
                },
                "Position": {
                  "X": 548.8127,
                  "Y": 1213.0037
                },
                "Scale": {
                  "ScaleX": 1.0,
                  "ScaleY": 1.0
                },
                "CColor": {},
                "IconVisible": false,
                "PrePosition": {
                  "X": 0.686,
                  "Y": 0.9477
                },
                "PreSize": {
                  "X": 0.0625,
                  "Y": 0.0391
                },
                "LeftMargin": 523.8127,
                "RightMargin": 226.1873,
                "TopMargin": 41.9963,
                "BottomMargin": 1188.0037,
                "Tag": 40,
                "Children": [
                  {
                    "FileData": {
                      "Type": "PlistSubImage",
                      "Path": "youjianbiaoqian.png",
                      "Plist": "hall/hall.plist"
                    },
                    "BlendFunc": {
                      "Src": 1,
                      "Dst": 771
                    },
                    "AnchorPoint": {
                      "ScaleX": 0.5,
                      "ScaleY": 0.5
                    },
                    "Position": {
                      "X": 45.6765,
                      "Y": 38.6088
                    },
                    "Scale": {
                      "ScaleX": 1.0,
                      "ScaleY": 1.0
                    },
                    "CColor": {},
                    "IconVisible": false,
                    "PrePosition": {
                      "X": 0.9135,
                      "Y": 0.7722
                    },
                    "PreSize": {
                      "X": 0.48,
                      "Y": 0.52
                    },
                    "LeftMargin": 33.6765,
                    "RightMargin": -7.6765,
                    "TopMargin": -1.6088,
                    "BottomMargin": 25.6088,
                    "Tag": 41,
                    "Children": [
                      {
                        "CharWidth": 10,
                        "CharHeight": 12,
                        "LabelText": "1",
                        "StartChar": ".",
                        "LabelAtlasFileImage_CNB": {
                          "Type": "Normal",
                          "Path": "hall/hallNum/xiaotubiaoyoujianshuzi.png",
                          "Plist": ""
                        },
                        "AnchorPoint": {
                          "ScaleX": 0.5,
                          "ScaleY": 0.5
                        },
                        "Position": {
                          "X": 10.6865,
                          "Y": 14.0859
                        },
                        "Scale": {
                          "ScaleX": 1.0,
                          "ScaleY": 1.0
                        },
                        "CColor": {},
                        "IconVisible": false,
                        "PrePosition": {
                          "X": 0.4453,
                          "Y": 0.5418
                        },
                        "PreSize": {
                          "X": 0.4167,
                          "Y": 0.4615
                        },
                        "LeftMargin": 5.6865,
                        "RightMargin": 8.3135,
                        "TopMargin": 5.9141,
                        "BottomMargin": 8.0859,
                        "Tag": 51,
                        "ActionTag": 206095535,
                        "Size": {
                          "X": 10.0,
                          "Y": 12.0
                        },
                        "Name": "AtlasLabel_3",
                        "ctype": "TextAtlasObjectData"
                      }
                    ],
                    "ActionTag": -331958622,
                    "Size": {
                      "X": 24.0,
                      "Y": 26.0
                    },
                    "VisibleForFrame": false,
                    "Name": "imgNew",
                    "ctype": "SpriteObjectData"
                  }
                ],
                "ActionTag": 1618370681,
                "Size": {
                  "X": 50.0,
                  "Y": 50.0
                },
                "Name": "btnMail",
                "ctype": "ButtonObjectData"
              },
              {
                "FontSize": 14,
                "ButtonText": "",
                "TextColor": {
                  "R": 65,
                  "G": 65,
                  "B": 70
                },
                "DisabledFileData": {
                  "Type": "PlistSubImage",
                  "Path": "bangzhu.png",
                  "Plist": "hall/hall.plist"
                },
                "PressedFileData": {
                  "Type": "PlistSubImage",
                  "Path": "bangzhu.png",
                  "Plist": "hall/hall.plist"
                },
                "NormalFileData": {
                  "Type": "PlistSubImage",
                  "Path": "bangzhu.png",
                  "Plist": "hall/hall.plist"
                },
                "Scale9OriginX": 15,
                "Scale9OriginY": 11,
                "Scale9Width": 16,
                "Scale9Height": 26,
                "OutlineColor": {
                  "G": 0,
                  "B": 0
                },
                "ShadowColor": {
                  "R": 110,
                  "G": 110,
                  "B": 110
                },
                "ShadowOffsetX": 2.0,
                "ShadowOffsetY": -2.0,
                "TouchEnable": true,
                "AnchorPoint": {
                  "ScaleX": 0.5,
                  "ScaleY": 0.5
                },
                "Position": {
                  "X": 650.4551,
                  "Y": 1213.0037
                },
                "Scale": {
                  "ScaleX": 1.0,
                  "ScaleY": 1.0
                },
                "CColor": {},
                "IconVisible": false,
                "PrePosition": {
                  "X": 0.8131,
                  "Y": 0.9477
                },
                "PreSize": {
                  "X": 0.0625,
                  "Y": 0.0391
                },
                "LeftMargin": 625.4551,
                "RightMargin": 124.5449,
                "TopMargin": 41.9963,
                "BottomMargin": 1188.0037,
                "Tag": 42,
                "Children": [
                  {
                    "FileData": {
                      "Type": "PlistSubImage",
                      "Path": "youjianbiaoqian.png",
                      "Plist": "hall/hall.plist"
                    },
                    "BlendFunc": {
                      "Src": 1,
                      "Dst": 771
                    },
                    "AnchorPoint": {
                      "ScaleX": 0.5,
                      "ScaleY": 0.5
                    },
                    "Position": {
                      "X": 45.6765,
                      "Y": 38.6088
                    },
                    "Scale": {
                      "ScaleX": 1.0,
                      "ScaleY": 1.0
                    },
                    "CColor": {},
                    "IconVisible": false,
                    "PrePosition": {
                      "X": 0.9135,
                      "Y": 0.7722
                    },
                    "PreSize": {
                      "X": 0.48,
                      "Y": 0.52
                    },
                    "LeftMargin": 33.6765,
                    "RightMargin": -7.6765,
                    "TopMargin": -1.6088,
                    "BottomMargin": 25.6088,
                    "Tag": 43,
                    "ActionTag": -719319288,
                    "Size": {
                      "X": 24.0,
                      "Y": 26.0
                    },
                    "VisibleForFrame": false,
                    "Name": "imgNew",
                    "ctype": "SpriteObjectData"
                  }
                ],
                "ActionTag": -1465712995,
                "Size": {
                  "X": 50.0,
                  "Y": 50.0
                },
                "Name": "btnHelp",
                "ctype": "ButtonObjectData"
              },
              {
                "FontSize": 14,
                "ButtonText": "",
                "TextColor": {
                  "R": 65,
                  "G": 65,
                  "B": 70
                },
                "DisabledFileData": {
                  "Type": "PlistSubImage",
                  "Path": "shezhi.png",
                  "Plist": "hall/hall.plist"
                },
                "PressedFileData": {
                  "Type": "PlistSubImage",
                  "Path": "shezhi.png",
                  "Plist": "hall/hall.plist"
                },
                "NormalFileData": {
                  "Type": "PlistSubImage",
                  "Path": "shezhi.png",
                  "Plist": "hall/hall.plist"
                },
                "Scale9OriginX": 15,
                "Scale9OriginY": 11,
                "Scale9Width": 17,
                "Scale9Height": 21,
                "OutlineColor": {
                  "G": 0,
                  "B": 0
                },
                "ShadowColor": {
                  "R": 110,
                  "G": 110,
                  "B": 110
                },
                "ShadowOffsetX": 2.0,
                "ShadowOffsetY": -2.0,
                "TouchEnable": true,
                "AnchorPoint": {
                  "ScaleX": 0.5,
                  "ScaleY": 0.5
                },
                "Position": {
                  "X": 756.1946,
                  "Y": 1213.0037
                },
                "Scale": {
                  "ScaleX": 1.0,
                  "ScaleY": 1.0
                },
                "CColor": {},
                "IconVisible": false,
                "PrePosition": {
                  "X": 0.9452,
                  "Y": 0.9477
                },
                "PreSize": {
                  "X": 0.0625,
                  "Y": 0.0391
                },
                "LeftMargin": 731.1946,
                "RightMargin": 18.8054,
                "TopMargin": 41.9963,
                "BottomMargin": 1188.0037,
                "Tag": 44,
                "Children": [
                  {
                    "FileData": {
                      "Type": "PlistSubImage",
                      "Path": "youjianbiaoqian.png",
                      "Plist": "hall/hall.plist"
                    },
                    "BlendFunc": {
                      "Src": 1,
                      "Dst": 771
                    },
                    "AnchorPoint": {
                      "ScaleX": 0.5,
                      "ScaleY": 0.5
                    },
                    "Position": {
                      "X": 45.6765,
                      "Y": 38.6088
                    },
                    "Scale": {
                      "ScaleX": 1.0,
                      "ScaleY": 1.0
                    },
                    "CColor": {},
                    "IconVisible": false,
                    "PrePosition": {
                      "X": 0.9135,
                      "Y": 0.7722
                    },
                    "PreSize": {
                      "X": 0.48,
                      "Y": 0.52
                    },
                    "LeftMargin": 33.6765,
                    "RightMargin": -7.6765,
                    "TopMargin": -1.6088,
                    "BottomMargin": 25.6088,
                    "Tag": 45,
                    "ActionTag": 363767267,
                    "Size": {
                      "X": 24.0,
                      "Y": 26.0
                    },
                    "VisibleForFrame": false,
                    "Name": "imgNew",
                    "ctype": "SpriteObjectData"
                  }
                ],
                "ActionTag": 1717952136,
                "Size": {
                  "X": 50.0,
                  "Y": 50.0
                },
                "Name": "btnMail_0",
                "ctype": "ButtonObjectData"
              }
            ],
            "ActionTag": 953446860,
            "Size": {
              "X": 800.0,
              "Y": 1280.0
            },
            "Name": "Default",
            "ctype": "SpriteObjectData"
          },
          {
            "FontSize": 14,
            "ButtonText": "进入经典场 ",
            "TextColor": {
              "R": 65,
              "G": 65,
              "B": 70
            },
            "DisabledFileData": {
              "Type": "Default",
              "Path": "Default/Button_Disable.png",
              "Plist": ""
            },
            "PressedFileData": {
              "Type": "Default",
              "Path": "Default/Button_Press.png",
              "Plist": ""
            },
            "NormalFileData": {
              "Type": "Default",
              "Path": "Default/Button_Normal.png",
              "Plist": ""
            },
            "Scale9OriginX": 15,
            "Scale9OriginY": 11,
            "Scale9Width": 16,
            "Scale9Height": 14,
            "OutlineColor": {
              "G": 0,
              "B": 0
            },
            "ShadowColor": {
              "R": 110,
              "G": 110,
              "B": 110
            },
            "ShadowOffsetX": 2.0,
            "ShadowOffsetY": -2.0,
            "TouchEnable": true,
            "AnchorPoint": {
              "ScaleX": 0.5,
              "ScaleY": 0.5
            },
            "Position": {
              "X": 391.0772,
              "Y": 299.4679
            },
            "Scale": {
              "ScaleX": 1.0,
              "ScaleY": 1.0
            },
            "CColor": {},
            "IconVisible": false,
            "PrePosition": {
              "X": 0.4888,
              "Y": 0.234
            },
            "PreSize": {
              "X": 0.125,
              "Y": 0.0281
            },
            "LeftMargin": 341.0772,
            "RightMargin": 358.9228,
            "TopMargin": 962.5321,
            "BottomMargin": 281.4679,
            "Tag": 3,
            "ActionTag": -391763544,
            "Size": {
              "X": 100.0,
              "Y": 36.0
            },
            "VisibleForFrame": false,
            "Name": "btnClassic",
            "ctype": "ButtonObjectData"
          },
          {
            "FontSize": 14,
            "ButtonText": "",
            "TextColor": {
              "R": 65,
              "G": 65,
              "B": 70
            },
            "DisabledFileData": {
              "Type": "PlistSubImage",
              "Path": "btnbegin.png",
              "Plist": "hall/hall.plist"
            },
            "PressedFileData": {
              "Type": "PlistSubImage",
              "Path": "btnbegin.png",
              "Plist": "hall/hall.plist"
            },
            "NormalFileData": {
              "Type": "PlistSubImage",
              "Path": "btnbegin.png",
              "Plist": "hall/hall.plist"
            },
            "Scale9OriginX": 15,
            "Scale9OriginY": 11,
            "Scale9Width": 202,
            "Scale9Height": 86,
            "OutlineColor": {
              "G": 0,
              "B": 0
            },
            "ShadowColor": {
              "R": 110,
              "G": 110,
              "B": 110
            },
            "ShadowOffsetX": 2.0,
            "ShadowOffsetY": -2.0,
            "TouchEnable": true,
            "AnchorPoint": {
              "ScaleX": 0.5,
              "ScaleY": 0.5
            },
            "Position": {
              "X": 374.64,
              "Y": 259.1013
            },
            "Scale": {
              "ScaleX": 1.0,
              "ScaleY": 1.0
            },
            "CColor": {},
            "IconVisible": false,
            "PositionPercentXEnabled": true,
            "PrePosition": {
              "X": 0.4683,
              "Y": 0.2024
            },
            "PreSize": {
              "X": 0.29,
              "Y": 0.0844
            },
            "LeftMargin": 258.64,
            "RightMargin": 309.36,
            "TopMargin": 966.8987,
            "BottomMargin": 205.1013,
            "Tag": 17,
            "ActionTag": -1038409089,
            "Size": {
              "X": 232.0,
              "Y": 108.0
            },
            "Name": "btnBegin",
            "ctype": "ButtonObjectData"
          }
        ],
        "Size": {
          "X": 800.0,
          "Y": 1280.0
        },
        "Name": "Scene",
        "ctype": "SingleNodeObjectData"
      },
      "UsedResources": [
        "Default/Button_Disable.png",
        "Default/Button_Normal.png",
        "Default/Button_Press.png",
        "hall/hall.plist",
        "hall/hall.png",
        "hall/hallbg.png",
        "hall/hallNum/di.png",
        "hall/hallNum/jinbishuzi.png",
        "hall/hallNum/renshuxianshishuzi.png",
        "hall/hallNum/xiaotubiaoyoujianshuzi.png"
      ],
      "ctype": "GameFileData"
    }
  },
  "Type": "Scene"
}